{"cameraMode":{"drawMode":0,"name":"Shaded","section":"Shading Mode"},"sceneLighting":false,"audioPlay":false,"sceneViewState":{"showFog":true,"showMaterialUpdate":false,"showSkybox":false,"showFlares":true,"showImageEffects":true,"showParticleSystems":true},"in2DMode":false,"pivot":{"x":3.2202515602111818,"y":4.297628402709961,"z":53.36735534667969},"rotation":{"x":0.06280487775802612,"y":0.7897812128067017,"z":-0.08203542232513428,"w":0.6046415567398071},"size":5.130723476409912,"orthographic":false}