{"cameraMode":{"drawMode":0,"name":"Shaded","section":"Shading Mode"},"sceneLighting":false,"audioPlay":false,"sceneViewState":{"showFog":true,"showMaterialUpdate":false,"showSkybox":false,"showFlares":true,"showImageEffects":true,"showParticleSystems":true},"in2DMode":false,"pivot":{"x":-0.15793132781982423,"y":-0.41215085983276369,"z":0.2006368339061737},"rotation":{"x":0.0020383044611662628,"y":-0.9961810111999512,"z":0.08387645334005356,"w":0.024208303540945054},"size":7.52094030380249,"orthographic":true}