{"cameraMode":{"drawMode":0,"name":"Shaded","section":"Shading Mode"},"sceneLighting":false,"audioPlay":false,"sceneViewState":{"showFog":true,"showMaterialUpdate":false,"showSkybox":false,"showFlares":true,"showImageEffects":true,"showParticleSystems":true},"in2DMode":false,"pivot":{"x":2.718003273010254,"y":3.497762680053711,"z":49.588321685791019},"rotation":{"x":0.06280487775802612,"y":0.7897812128067017,"z":-0.08203542232513428,"w":0.6046415567398071},"size":2.0129590034484865,"orthographic":false}